[{"id":"6281241405996@s.whatsapp.net","name":"Araツ","age":"15","time":"02/03 12:06:25","serial":"4bd3695c4f457c0efc7a"},{"id":"6282349879912@s.whatsapp.net","name":"gusti","age":"15","time":"03/06 11:28:09","serial":"2848fea3fb7ab1c855b5"},{"id":"6285330203277@s.whatsapp.net","name":"Nelson","age":"20","time":"03/06 11:28:18","serial":"ae88e64f996f5f326c42"},{"id":"6285706666337@s.whatsapp.net","name":"daftar GUSTI","age":"18","time":"03/06 12:25:02","serial":"58d5def3cb5fbbb46b43"},{"id":"6288226703423@s.whatsapp.net","name":"Anjim","age":"16","time":"03/06 15:36:43","serial":"1c1c1170a121dfdbdc9c"},{"id":"6281328139682@s.whatsapp.net","name":"Ajg","age":"17","time":"25/06 20:15:44","serial":"9473efd7aa2f3d1d6201"},{"id":"628889158076@s.whatsapp.net","name":"anjay","age":"19","time":"29/06 23:40:02","serial":"5ecba5b56addf7c5163e"},{"id":"6287784720840@s.whatsapp.net","name":"Kntl","age":"18","time":"05/07 14:50:08","serial":"0f6a5c49baed8e5a80d1"},{"id":"6281334526144@s.whatsapp.net","name":"Gblk","age":"17","time":"05/07 14:53:23","serial":"395a915f87f012639032"}]