[{"id":"6281328139682@s.whatsapp.net","xp":9.914319571767135e+91,"level":294},{"id":"6281241405996@s.whatsapp.net","xp":6281241405996,"level":6281241405996},{"id":"6288226703423@s.whatsapp.net","xp":1,"level":1},{"id":"6285706666337@s.whatsapp.net","xp":1,"level":1},{"id":"6285330203277@s.whatsapp.net","xp":1,"level":1},{"id":"6282349879912@s.whatsapp.net","xp":1,"level":1},{"id":"628889158076@s.whatsapp.net","xp":212,"level":1},{"id":"6287784720840@s.whatsapp.net","xp":1,"level":1},{"id":"6281334526144@s.whatsapp.net","xp":1,"level":1}]